family,spec,order,year,observed,predicted
ARIMA,endogenous,"(0, 0, 1)",2014,7.0,17.221403266936175
ARIMA,endogenous,"(0, 0, 1)",2015,16.0,25.630489239155395
ARIMA,endogenous,"(0, 0, 1)",2016,22.0,23.862976547318453
ARIMA,endogenous,"(0, 0, 1)",2017,56.0,18.47512223938861
ARIMA,endogenous,"(0, 0, 1)",2018,3.0,8.026166384874177
ARIMA,endogenous,"(0, 0, 1)",2019,15.0,32.81003669514085
ARIMA,endogenous,"(0, 0, 1)",2020,19.0,30.974041771010917
ARIMA,endogenous,"(0, 0, 1)",2021,18.0,24.873128094191745
ARIMA,endogenous,"(0, 0, 1)",2022,56.0,21.8508745855758
ARIMA,endogenous,"(0, 0, 1)",2023,19.0,7.949612256216687
ARIMA,endogenous,"(0, 0, 2)",2014,7.0,16.175347063186443
ARIMA,endogenous,"(0, 0, 2)",2015,16.0,29.273444054307156
ARIMA,endogenous,"(0, 0, 2)",2016,22.0,23.380217724072182
ARIMA,endogenous,"(0, 0, 2)",2017,56.0,19.34192035843534
ARIMA,endogenous,"(0, 0, 2)",2018,3.0,10.627765800332552
ARIMA,endogenous,"(0, 0, 2)",2019,15.0,57.30671551103936
ARIMA,endogenous,"(0, 0, 2)",2020,19.0,29.437775895868196
ARIMA,endogenous,"(0, 0, 2)",2021,18.0,23.654118262615064
ARIMA,endogenous,"(0, 0, 2)",2022,56.0,21.09159622955698
ARIMA,endogenous,"(0, 0, 2)",2023,19.0,9.782117336695686
ARIMA,endogenous,"(0, 0, 3)",2014,7.0,20.134375958693568
ARIMA,endogenous,"(0, 0, 3)",2015,16.0,38.89508343548688
ARIMA,endogenous,"(0, 0, 3)",2016,22.0,0.0
ARIMA,endogenous,"(0, 0, 3)",2017,56.0,0.0
ARIMA,endogenous,"(0, 0, 3)",2018,3.0,18.92222509564956
ARIMA,endogenous,"(0, 0, 3)",2019,15.0,42.77578690685792
ARIMA,endogenous,"(0, 0, 3)",2020,19.0,59.12920603599463
ARIMA,endogenous,"(0, 0, 3)",2021,18.0,25.12460278194217
ARIMA,endogenous,"(0, 0, 3)",2022,56.0,22.598222161221436
ARIMA,endogenous,"(0, 0, 3)",2023,19.0,11.093641421042145
ARIMA,endogenous,"(1, 0, 0)",2014,7.0,21.503088307019976
ARIMA,endogenous,"(1, 0, 0)",2015,16.0,18.079405165229645
ARIMA,endogenous,"(1, 0, 0)",2016,22.0,18.242415867759636
ARIMA,endogenous,"(1, 0, 0)",2017,56.0,18.88028252947693
ARIMA,endogenous,"(1, 0, 0)",2018,3.0,22.022123725370136
ARIMA,endogenous,"(1, 0, 0)",2019,15.0,25.823389806770567
ARIMA,endogenous,"(1, 0, 0)",2020,19.0,18.230285328075333
ARIMA,endogenous,"(1, 0, 0)",2021,18.0,17.842219635664552
ARIMA,endogenous,"(1, 0, 0)",2022,56.0,17.95293696314001
ARIMA,endogenous,"(1, 0, 0)",2023,19.0,16.92467555027312
ARIMA,endogenous,"(1, 0, 1)",2014,7.0,18.18522375279755
ARIMA,endogenous,"(1, 0, 1)",2015,16.0,20.436957575729103
ARIMA,endogenous,"(1, 0, 1)",2016,22.0,16.66163627588022
ARIMA,endogenous,"(1, 0, 1)",2017,56.0,16.51548530757667
ARIMA,endogenous,"(1, 0, 1)",2018,3.0,16.321069465841752
ARIMA,endogenous,"(1, 0, 1)",2019,15.0,40.792428990876104
ARIMA,endogenous,"(1, 0, 1)",2020,19.0,32.51511902599501
ARIMA,endogenous,"(1, 0, 1)",2021,18.0,24.50730489307072
ARIMA,endogenous,"(1, 0, 1)",2022,56.0,16.463175155767715
ARIMA,endogenous,"(1, 0, 1)",2023,19.0,13.755330380126493
ARIMA,endogenous,"(1, 0, 2)",2014,7.0,15.277960422444236
ARIMA,endogenous,"(1, 0, 2)",2015,16.0,47.65294485824432
ARIMA,endogenous,"(1, 0, 2)",2016,22.0,24.451700018352778
ARIMA,endogenous,"(1, 0, 2)",2017,56.0,16.415003058358234
ARIMA,endogenous,"(1, 0, 2)",2018,3.0,10.870241674404422
ARIMA,endogenous,"(1, 0, 2)",2019,15.0,55.342570861291776
ARIMA,endogenous,"(1, 0, 2)",2020,19.0,32.70673261682383
ARIMA,endogenous,"(1, 0, 2)",2021,18.0,22.79339542284062
ARIMA,endogenous,"(1, 0, 2)",2022,56.0,21.809433360699426
ARIMA,endogenous,"(1, 0, 2)",2023,19.0,9.317778776577596
ARIMA,endogenous,"(1, 0, 3)",2014,7.0,18.038585444339972
ARIMA,endogenous,"(1, 0, 3)",2015,16.0,42.80167292234674
ARIMA,endogenous,"(1, 0, 3)",2016,22.0,28.255379515392754
ARIMA,endogenous,"(1, 0, 3)",2017,56.0,18.307345146661685
ARIMA,endogenous,"(1, 0, 3)",2018,3.0,28.50427429172772
ARIMA,endogenous,"(1, 0, 3)",2019,15.0,47.08216110967731
ARIMA,endogenous,"(1, 0, 3)",2020,19.0,59.30708987367259
ARIMA,endogenous,"(1, 0, 3)",2021,18.0,27.697683989485835
ARIMA,endogenous,"(1, 0, 3)",2022,56.0,21.25951586111491
ARIMA,endogenous,"(1, 0, 3)",2023,19.0,9.931568749202796
ARIMA,endogenous,"(2, 0, 0)",2014,7.0,16.072285336764782
ARIMA,endogenous,"(2, 0, 0)",2015,16.0,24.028539549495484
ARIMA,endogenous,"(2, 0, 0)",2016,22.0,25.91977176207825
ARIMA,endogenous,"(2, 0, 0)",2017,56.0,17.87013869494377
ARIMA,endogenous,"(2, 0, 0)",2018,3.0,16.054698986623926
ARIMA,endogenous,"(2, 0, 0)",2019,15.0,20.514392115388926
ARIMA,endogenous,"(2, 0, 0)",2020,19.0,38.00577006118787
ARIMA,endogenous,"(2, 0, 0)",2021,18.0,17.379775612008622
ARIMA,endogenous,"(2, 0, 0)",2022,56.0,16.43007980909557
ARIMA,endogenous,"(2, 0, 0)",2023,19.0,12.957975079533727
ARIMA,endogenous,"(2, 0, 1)",2014,7.0,9.915551371439662
ARIMA,endogenous,"(2, 0, 1)",2015,16.0,23.773886951823144
ARIMA,endogenous,"(2, 0, 1)",2016,22.0,37.90904506088147
ARIMA,endogenous,"(2, 0, 1)",2017,56.0,26.73178785748622
ARIMA,endogenous,"(2, 0, 1)",2018,3.0,12.509354673985834
ARIMA,endogenous,"(2, 0, 1)",2019,15.0,27.867956226881972
ARIMA,endogenous,"(2, 0, 1)",2020,19.0,56.58879702905
ARIMA,endogenous,"(2, 0, 1)",2021,18.0,17.383167950194043
ARIMA,endogenous,"(2, 0, 1)",2022,56.0,25.89460139538539
ARIMA,endogenous,"(2, 0, 1)",2023,19.0,10.982531901326864
ARIMA,endogenous,"(2, 0, 2)",2014,7.0,21.622639345618296
ARIMA,endogenous,"(2, 0, 2)",2015,16.0,24.6434260415768
ARIMA,endogenous,"(2, 0, 2)",2016,22.0,281.03531414179554
ARIMA,endogenous,"(2, 0, 2)",2017,56.0,19.36218131904881
ARIMA,endogenous,"(2, 0, 2)",2018,3.0,25.435317470875955
ARIMA,endogenous,"(2, 0, 2)",2019,15.0,32.97640359509808
ARIMA,endogenous,"(2, 0, 2)",2020,19.0,64.17192720197835
ARIMA,endogenous,"(2, 0, 2)",2021,18.0,36.70788537956871
ARIMA,endogenous,"(2, 0, 2)",2022,56.0,24.583621708586577
ARIMA,endogenous,"(2, 0, 2)",2023,19.0,10.657442717527022
ARIMA,endogenous,"(2, 0, 3)",2015,16.0,16.664688522648177
ARIMA,endogenous,"(2, 0, 3)",2016,22.0,30.20373593340729
ARIMA,endogenous,"(2, 0, 3)",2017,56.0,17.65075673184342
ARIMA,endogenous,"(2, 0, 3)",2018,3.0,13.025535927804219
ARIMA,endogenous,"(2, 0, 3)",2019,15.0,34.15705619233503
ARIMA,endogenous,"(2, 0, 3)",2020,19.0,68.2446935486384
ARIMA,endogenous,"(2, 0, 3)",2021,18.0,24.292742667201235
ARIMA,endogenous,"(2, 0, 3)",2022,56.0,16.75076779373003
ARIMA,endogenous,"(2, 0, 3)",2023,19.0,8.207336276939643
ARIMA,endogenous,"(3, 0, 0)",2014,7.0,13.002470861330119
ARIMA,endogenous,"(3, 0, 0)",2015,16.0,29.98694088517679
ARIMA,endogenous,"(3, 0, 0)",2016,22.0,31.897263817151078
ARIMA,endogenous,"(3, 0, 0)",2017,56.0,19.561065521374896
ARIMA,endogenous,"(3, 0, 0)",2018,3.0,10.630543383958358
ARIMA,endogenous,"(3, 0, 0)",2019,15.0,30.701264891883373
ARIMA,endogenous,"(3, 0, 0)",2020,19.0,34.70106349050356
ARIMA,endogenous,"(3, 0, 0)",2021,18.0,38.0383851501399
ARIMA,endogenous,"(3, 0, 0)",2022,56.0,16.383912660631392
ARIMA,endogenous,"(3, 0, 0)",2023,19.0,8.80292132243494
ARIMA,endogenous,"(3, 0, 1)",2014,7.0,15.508784894792905
ARIMA,endogenous,"(3, 0, 1)",2015,16.0,23.479297266151008
ARIMA,endogenous,"(3, 0, 1)",2016,22.0,40.233322346248485
ARIMA,endogenous,"(3, 0, 1)",2017,56.0,16.60522232515973
ARIMA,endogenous,"(3, 0, 1)",2018,3.0,12.047337495407342
ARIMA,endogenous,"(3, 0, 1)",2019,15.0,44.3811540498391
ARIMA,endogenous,"(3, 0, 1)",2020,19.0,61.262752387141084
ARIMA,endogenous,"(3, 0, 1)",2021,18.0,43.5134189579907
ARIMA,endogenous,"(3, 0, 1)",2022,56.0,20.602870571409888
ARIMA,endogenous,"(3, 0, 1)",2023,19.0,11.256239301483921
ARIMA,endogenous,"(3, 0, 2)",2015,16.0,23.266561145575146
ARIMA,endogenous,"(3, 0, 2)",2016,22.0,40.09769080604265
ARIMA,endogenous,"(3, 0, 2)",2017,56.0,27.847562355653267
ARIMA,endogenous,"(3, 0, 2)",2018,3.0,11.436091128702712
ARIMA,endogenous,"(3, 0, 2)",2019,15.0,33.58587123589669
ARIMA,endogenous,"(3, 0, 2)",2020,19.0,54.37632274936448
ARIMA,endogenous,"(3, 0, 2)",2021,18.0,63.714597065238536
ARIMA,endogenous,"(3, 0, 2)",2022,56.0,25.018900947110435
ARIMA,endogenous,"(3, 0, 2)",2023,19.0,10.971573883625043
ARIMA,endogenous,"(3, 0, 3)",2016,22.0,30.718115322764795
ARIMA,endogenous,"(3, 0, 3)",2017,56.0,19.484991153752816
ARIMA,endogenous,"(3, 0, 3)",2018,3.0,15.236990770508486
ARIMA,endogenous,"(3, 0, 3)",2019,15.0,84.40465882293499
ARIMA,endogenous,"(3, 0, 3)",2020,19.0,56.74633383758176
ARIMA,endogenous,"(3, 0, 3)",2021,18.0,66.07360918841451
ARIMA,endogenous,"(3, 0, 3)",2022,56.0,20.034398540549212
ARIMA,endogenous,"(3, 0, 3)",2023,19.0,11.25196126093361
ARIMA,endogenous,"(0, 1, 0)",2014,7.0,14.855886610628026
ARIMA,endogenous,"(0, 1, 0)",2015,16.0,4.594123913324609
ARIMA,endogenous,"(0, 1, 0)",2016,22.0,14.769998392647212
ARIMA,endogenous,"(0, 1, 0)",2017,56.0,22.387013364858735
ARIMA,endogenous,"(0, 1, 0)",2018,3.0,70.89832346565935
ARIMA,endogenous,"(0, 1, 0)",2019,15.0,1.700871466854038
ARIMA,endogenous,"(0, 1, 0)",2020,19.0,14.184171513920662
ARIMA,endogenous,"(0, 1, 0)",2021,18.0,18.950589579773727
ARIMA,endogenous,"(0, 1, 0)",2022,56.0,17.78186060281411
ARIMA,endogenous,"(0, 1, 0)",2023,19.0,67.11719955967361
ARIMA,endogenous,"(0, 1, 1)",2014,7.0,23.517509855178943
ARIMA,endogenous,"(0, 1, 1)",2015,16.0,11.538160669688637
ARIMA,endogenous,"(0, 1, 1)",2016,22.0,11.994921498122512
ARIMA,endogenous,"(0, 1, 1)",2017,56.0,14.64104482743766
ARIMA,endogenous,"(0, 1, 1)",2018,3.0,26.33443609365347
ARIMA,endogenous,"(0, 1, 1)",2019,15.0,11.336238131953566
ARIMA,endogenous,"(0, 1, 1)",2020,19.0,11.515756624093155
ARIMA,endogenous,"(0, 1, 1)",2021,18.0,12.824019524786584
ARIMA,endogenous,"(0, 1, 1)",2022,56.0,13.632950937197243
ARIMA,endogenous,"(0, 1, 1)",2023,19.0,21.2506154865451
ARIMA,endogenous,"(0, 1, 2)",2014,7.0,59.59058481537091
ARIMA,endogenous,"(0, 1, 2)",2015,16.0,15.193446771157417
ARIMA,endogenous,"(0, 1, 2)",2016,22.0,15.35644103370863
ARIMA,endogenous,"(0, 1, 2)",2017,56.0,17.150008440243564
ARIMA,endogenous,"(0, 1, 2)",2018,3.0,31.162142520682075
ARIMA,endogenous,"(0, 1, 2)",2019,15.0,34.10552470504839
ARIMA,endogenous,"(0, 1, 2)",2020,19.0,22.75334266930196
ARIMA,endogenous,"(0, 1, 2)",2021,18.0,15.554159626027651
ARIMA,endogenous,"(0, 1, 2)",2022,56.0,12.816938676526107
ARIMA,endogenous,"(0, 1, 2)",2023,19.0,6.786922558922512
ARIMA,endogenous,"(0, 1, 3)",2014,7.0,71.41249947638683
ARIMA,endogenous,"(0, 1, 3)",2015,16.0,4.466831785978255
ARIMA,endogenous,"(0, 1, 3)",2016,22.0,4.429650007144141
ARIMA,endogenous,"(0, 1, 3)",2017,56.0,16.81637974918638
ARIMA,endogenous,"(0, 1, 3)",2018,3.0,37.699634011110604
ARIMA,endogenous,"(0, 1, 3)",2019,15.0,26.825325776490647
ARIMA,endogenous,"(0, 1, 3)",2020,19.0,18.0564508910528
ARIMA,endogenous,"(0, 1, 3)",2021,18.0,13.177695946615806
ARIMA,endogenous,"(0, 1, 3)",2022,56.0,11.583266585498302
ARIMA,endogenous,"(0, 1, 3)",2023,19.0,9.321189170026914
ARIMA,endogenous,"(1, 1, 0)",2014,7.0,24.680099496212385
ARIMA,endogenous,"(1, 1, 0)",2015,16.0,6.0726789612748675
ARIMA,endogenous,"(1, 1, 0)",2016,22.0,9.209339741530039
ARIMA,endogenous,"(1, 1, 0)",2017,56.0,19.642858524048588
ARIMA,endogenous,"(1, 1, 0)",2018,3.0,54.267792398472025
ARIMA,endogenous,"(1, 1, 0)",2019,15.0,9.748039861165033
ARIMA,endogenous,"(1, 1, 0)",2020,19.0,4.884112376911754
ARIMA,endogenous,"(1, 1, 0)",2021,18.0,16.603047098237294
ARIMA,endogenous,"(1, 1, 0)",2022,56.0,18.12803587313823
ARIMA,endogenous,"(1, 1, 0)",2023,19.0,40.36451108518626
ARIMA,endogenous,"(1, 1, 1)",2014,7.0,23.581654208033687
ARIMA,endogenous,"(1, 1, 1)",2015,16.0,11.256612822769522
ARIMA,endogenous,"(1, 1, 1)",2016,22.0,11.936549008165478
ARIMA,endogenous,"(1, 1, 1)",2017,56.0,14.899193954035598
ARIMA,endogenous,"(1, 1, 1)",2018,3.0,32.295909137419905
ARIMA,endogenous,"(1, 1, 1)",2019,15.0,15.861485782268407
ARIMA,endogenous,"(1, 1, 1)",2020,19.0,10.785435676704964
ARIMA,endogenous,"(1, 1, 1)",2021,18.0,11.673889335314874
ARIMA,endogenous,"(1, 1, 1)",2022,56.0,12.8369979675341
ARIMA,endogenous,"(1, 1, 1)",2023,19.0,18.566346210770934
ARIMA,endogenous,"(1, 1, 2)",2014,7.0,59.19823538192115
ARIMA,endogenous,"(1, 1, 2)",2015,16.0,13.50966430177755
ARIMA,endogenous,"(1, 1, 2)",2016,22.0,11.43903698796191
ARIMA,endogenous,"(1, 1, 2)",2017,56.0,15.504587880869147
ARIMA,endogenous,"(1, 1, 2)",2018,3.0,25.812236477936526
ARIMA,endogenous,"(1, 1, 2)",2019,15.0,41.50394426006979
ARIMA,endogenous,"(1, 1, 2)",2020,19.0,5.87009377977741
ARIMA,endogenous,"(1, 1, 2)",2021,18.0,16.426267472689993
ARIMA,endogenous,"(1, 1, 2)",2022,56.0,10.559722381144958
ARIMA,endogenous,"(1, 1, 2)",2023,19.0,6.040284266894284
ARIMA,endogenous,"(1, 1, 3)",2014,7.0,26.691562312179418
ARIMA,endogenous,"(1, 1, 3)",2015,16.0,5.366307216595943
ARIMA,endogenous,"(1, 1, 3)",2016,22.0,4.738548192331927
ARIMA,endogenous,"(1, 1, 3)",2017,56.0,19.33804033054139
ARIMA,endogenous,"(1, 1, 3)",2018,3.0,90.5148070092774
ARIMA,endogenous,"(1, 1, 3)",2019,15.0,15.341938610961964
ARIMA,endogenous,"(1, 1, 3)",2020,19.0,18.21245133220027
ARIMA,endogenous,"(1, 1, 3)",2021,18.0,12.569774707820182
ARIMA,endogenous,"(1, 1, 3)",2022,56.0,9.027212944154106
ARIMA,endogenous,"(1, 1, 3)",2023,19.0,9.752992264861792
ARIMA,endogenous,"(2, 1, 0)",2014,7.0,24.845693389885692
ARIMA,endogenous,"(2, 1, 0)",2015,16.0,12.468198861436383
ARIMA,endogenous,"(2, 1, 0)",2016,22.0,12.142991465448853
ARIMA,endogenous,"(2, 1, 0)",2017,56.0,10.952474691576466
ARIMA,endogenous,"(2, 1, 0)",2018,3.0,46.64396756004125
ARIMA,endogenous,"(2, 1, 0)",2019,15.0,8.919757938757195
ARIMA,endogenous,"(2, 1, 0)",2020,19.0,17.45729566973605
ARIMA,endogenous,"(2, 1, 0)",2021,18.0,6.426329206833946
ARIMA,endogenous,"(2, 1, 0)",2022,56.0,16.711155352523924
ARIMA,endogenous,"(2, 1, 0)",2023,19.0,35.23506799530079
ARIMA,endogenous,"(2, 1, 1)",2014,7.0,30.283047897081875
ARIMA,endogenous,"(2, 1, 1)",2015,16.0,21.276053033421448
ARIMA,endogenous,"(2, 1, 1)",2016,22.0,20.546296870739283
ARIMA,endogenous,"(2, 1, 1)",2017,56.0,13.437054382020165
ARIMA,endogenous,"(2, 1, 1)",2018,3.0,23.222774699816533
ARIMA,endogenous,"(2, 1, 1)",2019,15.0,12.967421198385109
ARIMA,endogenous,"(2, 1, 1)",2020,19.0,27.72045679485079
ARIMA,endogenous,"(2, 1, 1)",2021,18.0,10.741802304588049
ARIMA,endogenous,"(2, 1, 1)",2022,56.0,11.173340966552605
ARIMA,endogenous,"(2, 1, 1)",2023,19.0,14.519207069573266
ARIMA,endogenous,"(2, 1, 2)",2014,7.0,65.03285111856438
ARIMA,endogenous,"(2, 1, 2)",2015,16.0,25.1395511051172
ARIMA,endogenous,"(2, 1, 2)",2016,22.0,15.041149447171739
ARIMA,endogenous,"(2, 1, 2)",2017,56.0,11.375522671937748
ARIMA,endogenous,"(2, 1, 2)",2018,3.0,12.314010212504087
ARIMA,endogenous,"(2, 1, 2)",2019,15.0,20.093639597210405
ARIMA,endogenous,"(2, 1, 2)",2020,19.0,8.480838770516412
ARIMA,endogenous,"(2, 1, 2)",2021,18.0,18.849140545392995
ARIMA,endogenous,"(2, 1, 2)",2022,56.0,11.38720570653427
ARIMA,endogenous,"(2, 1, 2)",2023,19.0,4.758277777785127
ARIMA,endogenous,"(2, 1, 3)",2015,16.0,0.4085800471115252
ARIMA,endogenous,"(2, 1, 3)",2016,22.0,4.645904353481923
ARIMA,endogenous,"(2, 1, 3)",2017,56.0,15.175343604632403
ARIMA,endogenous,"(2, 1, 3)",2018,3.0,87.13928599719651
ARIMA,endogenous,"(2, 1, 3)",2019,15.0,14.472624241297218
ARIMA,endogenous,"(2, 1, 3)",2020,19.0,22.414302399640917
ARIMA,endogenous,"(2, 1, 3)",2021,18.0,17.39357413810134
ARIMA,endogenous,"(2, 1, 3)",2022,56.0,10.6358745652251
ARIMA,endogenous,"(2, 1, 3)",2023,19.0,2.7305881380925063
ARIMA,endogenous,"(3, 1, 0)",2014,7.0,66.40744020142354
ARIMA,endogenous,"(3, 1, 0)",2015,16.0,22.205664940481974
ARIMA,endogenous,"(3, 1, 0)",2016,22.0,11.501857632641492
ARIMA,endogenous,"(3, 1, 0)",2017,56.0,10.599881432193799
ARIMA,endogenous,"(3, 1, 0)",2018,3.0,32.82113277185433
ARIMA,endogenous,"(3, 1, 0)",2019,15.0,22.9261285613221
ARIMA,endogenous,"(3, 1, 0)",2020,19.0,14.293723790147414
ARIMA,endogenous,"(3, 1, 0)",2021,18.0,16.621127989495577
ARIMA,endogenous,"(3, 1, 0)",2022,56.0,6.527789904698584
ARIMA,endogenous,"(3, 1, 0)",2023,19.0,26.886708623111456
ARIMA,endogenous,"(3, 1, 1)",2014,7.0,79.52043611696044
ARIMA,endogenous,"(3, 1, 1)",2015,16.0,49.69055265414187
ARIMA,endogenous,"(3, 1, 1)",2016,22.0,14.368360411978694
ARIMA,endogenous,"(3, 1, 1)",2017,56.0,15.76520818061598
ARIMA,endogenous,"(3, 1, 1)",2018,3.0,19.11104476030054
ARIMA,endogenous,"(3, 1, 1)",2019,15.0,20.81446216391727
ARIMA,endogenous,"(3, 1, 1)",2020,19.0,19.657037662313844
ARIMA,endogenous,"(3, 1, 1)",2021,18.0,25.220025671477533
ARIMA,endogenous,"(3, 1, 1)",2022,56.0,8.508108882813739
ARIMA,endogenous,"(3, 1, 1)",2023,19.0,8.071875771310934
ARIMA,endogenous,"(3, 1, 2)",2015,16.0,27.428986929696062
ARIMA,endogenous,"(3, 1, 2)",2016,22.0,23.423326473972065
ARIMA,endogenous,"(3, 1, 2)",2017,56.0,11.297787801213836
ARIMA,endogenous,"(3, 1, 2)",2018,3.0,60.23137022057114
ARIMA,endogenous,"(3, 1, 2)",2019,15.0,21.970592525262855
ARIMA,endogenous,"(3, 1, 2)",2020,19.0,23.534809968196214
ARIMA,endogenous,"(3, 1, 2)",2021,18.0,21.266075992846645
ARIMA,endogenous,"(3, 1, 2)",2022,56.0,6.051310583578091
ARIMA,endogenous,"(3, 1, 2)",2023,19.0,14.917132113840614
baseline,naive,-,2014,7.0,17.0
baseline,naive,-,2015,16.0,7.0
baseline,naive,-,2016,22.0,16.0
baseline,naive,-,2017,56.0,22.0
baseline,naive,-,2018,3.0,56.0
baseline,naive,-,2019,15.0,3.0
baseline,naive,-,2020,19.0,15.0
baseline,naive,-,2021,18.0,19.0
baseline,naive,-,2022,56.0,18.0
baseline,naive,-,2023,19.0,56.0
baseline,mean,-,2014,7.0,28.555555555555557
baseline,mean,-,2015,16.0,26.4
baseline,mean,-,2016,22.0,25.454545454545453
baseline,mean,-,2017,56.0,25.166666666666668
baseline,mean,-,2018,3.0,27.53846153846154
baseline,mean,-,2019,15.0,25.785714285714285
baseline,mean,-,2020,19.0,25.066666666666666
baseline,mean,-,2021,18.0,24.6875
baseline,mean,-,2022,56.0,24.294117647058822
baseline,mean,-,2023,19.0,26.055555555555557
baseline,SES,-,2014,7.0,28.555555363084444
baseline,SES,-,2015,16.0,26.399999078112838
baseline,SES,-,2016,22.0,25.454544497707907
baseline,SES,-,2017,56.0,25.166664226119472
baseline,SES,-,2018,3.0,27.53846112116791
baseline,SES,-,2019,15.0,25.78571232505891
baseline,SES,-,2020,19.0,25.066666289448126
baseline,SES,-,2021,18.0,24.68750092074932
baseline,SES,-,2022,56.0,24.294118280147107
baseline,SES,-,2023,19.0,26.055556310244405
baseline,Holt,-,2014,7.0,15.972219542188881
baseline,Holt,-,2015,16.0,9.8661297346831
baseline,Holt,-,2016,22.0,9.090923370143718
baseline,Holt,-,2017,56.0,10.666679580875606
baseline,Holt,-,2018,3.0,22.384608738079294
baseline,Holt,-,2019,15.0,16.10989749498285
baseline,Holt,-,2020,19.0,14.523807601865252
baseline,Holt,-,2021,18.0,14.324999288308605
baseline,Holt,-,2022,56.0,13.970591855036808
baseline,Holt,-,2023,19.0,22.16339730552278
baseline,Holt_damped,-,2014,7.0,17.818048340303392
baseline,Holt_damped,-,2015,16.0,14.3869590277234
baseline,Holt_damped,-,2016,22.0,13.963344017531808
baseline,Holt_damped,-,2017,56.0,14.843589002665764
baseline,Holt_damped,-,2018,3.0,21.12272295157259
baseline,Holt_damped,-,2019,15.0,18.245349736746416
baseline,Holt_damped,-,2020,19.0,17.594996747752123
baseline,Holt_damped,-,2021,18.0,17.579219633500742
baseline,Holt_damped,-,2022,56.0,17.479837195312513
baseline,Holt_damped,-,2023,19.0,21.21235875671381
baseline,AutoReg1,-,2014,7.0,25.492538838920684
baseline,AutoReg1,-,2015,16.0,21.1770949242489
baseline,AutoReg1,-,2016,22.0,21.49150743099788
baseline,AutoReg1,-,2017,56.0,22.528738317757014
baseline,AutoReg1,-,2018,3.0,29.804716679116424
baseline,AutoReg1,-,2019,15.0,25.595009227929875
baseline,AutoReg1,-,2020,19.0,23.52486490719712
baseline,AutoReg1,-,2021,18.0,23.12830910700518
baseline,AutoReg1,-,2022,56.0,22.76549066507209
baseline,AutoReg1,-,2023,19.0,23.58999181892557
baseline,AutoReg2,-,2014,7.0,19.25373698705152
baseline,AutoReg2,-,2015,16.0,28.068394964178445
baseline,AutoReg2,-,2016,22.0,27.681499054069047
baseline,AutoReg2,-,2017,56.0,23.01837595148524
baseline,AutoReg2,-,2018,3.0,21.969714053842466
baseline,AutoReg2,-,2019,15.0,14.976903541585186
baseline,AutoReg2,-,2020,19.0,32.26087803087507
baseline,AutoReg2,-,2021,18.0,24.957895611197284
baseline,AutoReg2,-,2022,56.0,23.32419318338562
baseline,AutoReg2,-,2023,19.0,16.932026920416963
baseline,AutoReg3,-,2014,7.0,16.401490434628062
baseline,AutoReg3,-,2015,16.0,34.88549839410148
baseline,AutoReg3,-,2016,22.0,28.590819643498644
baseline,AutoReg3,-,2017,56.0,20.11899157601431
baseline,AutoReg3,-,2018,3.0,11.882894871580248
baseline,AutoReg3,-,2019,15.0,16.511619720756386
baseline,AutoReg3,-,2020,19.0,30.31883974006454
baseline,AutoReg3,-,2021,18.0,32.39246302087842
baseline,AutoReg3,-,2022,56.0,25.558350800326853
baseline,AutoReg3,-,2023,19.0,8.13290646250585
